month,net_sales
2020-11-01,897372.0
2020-12-01,1509590.0
2021-01-01,1378215.0
2021-02-01,1245833.0
2021-03-01,1662435.0
2021-04-01,1237006.0
2021-05-01,1108616.0
2021-06-01,1107721.0
2021-07-01,1280955.0
2021-08-01,1526014.0
2021-09-01,1479352.0
2021-10-01,1502169.0
2021-11-01,1531678.0
2021-12-01,1653224.0
2022-01-01,1378287.0
2022-02-01,1387736.96
2022-03-01,1759145.1
2022-04-01,1600617.0
2022-05-01,1871407.0
2022-06-01,1638925.0
2022-07-01,1916062.0
2022-08-01,1723355.0
2022-09-01,2499184.0
2022-10-01,2558254.0
2022-11-01,3112688.0
2022-12-01,2767446.0
2023-01-01,3840204.0
2023-02-01,3962170.0
2023-03-01,4266260.0
2023-04-01,4064201.0
2023-05-01,4361262.0
2023-06-01,4240133.0
2023-07-01,3512391.0
2023-08-01,3606663.0
2023-09-01,3873635.0
2023-10-01,3438602.0
